Title,Link
국내 여행지 추천 경기도 아기랑 갈만한곳 서울근교 포천여행,https://blog.naver.com/nailstan/223297834017
국내 여행 부산 여수 버스 타는 방법 가격 소요시간,https://blog.naver.com/fabrunch/223295594081
포천 산정호수 썰매축제 놀거리 겨울 국내 여행지 추천,https://blog.naver.com/msjh1012/223328329392
"줄 서서 사진 찍는 핫플 '거제 근포땅굴' I 부산근교 겨울여행, 겨울 국내여행지 추천",https://blog.naver.com/geojecity/223339219793
겨울 제주도여행 제주 아쿠아플라넷 아쿠아리움 국내여행추천,https://blog.naver.com/lsh5755/223276037260
2월 국내 여행지 추천! 겨울에 안 가면 손해인 국내 가볼만한곳 8,https://post.naver.com/viewer/postView.naver?volumeNo=37262262&memberNo=8591454&vType=VERTICAL
경기도 포천 산정호수 썰매축제 겨울 가볼만한곳 아이와 국내 여행 기본정보,https://blog.naver.com/rdal89/223331552565
국내 여행 추천 속초 갈만한곳 관광지 국립산악박물관,https://blog.naver.com/overroad89/223339645723
인천 차이나타운 국내 뚜벅이여행 인천역 주변 여행 9월 국내여행 추천,https://blog.naver.com/jbm993/223227424193
국내 여행지 추천 서울여행 마포 가볼만한곳 마포농수산물시장,https://blog.naver.com/samchun2g/223313998000
2월 국내여행지 추천 설연휴 가볼만한곳 일몰과 갯벌체험 까지 완벽한 펜션,https://blog.naver.com/tpsxj8585/223344157724
겨울 국내 여행 강원도 고성 가볼만한곳,https://blog.naver.com/bb00dd/223321644725
가을 국내여행 충남 데이트코스 태안 팜카밀레 여행 코스,https://blog.naver.com/anndam/223290701146
경북 펜션 울진 숙소 추천 부모님과 국내여행 응봉산 근처 단독펜션 : 효도여행,https://blog.naver.com/ojirap1004/223336298432
겨울 국내 여행지 추천 인생 설경을 볼 수 있는 명소들,https://blog.naver.com/ka8564/223340064795
국내여행 제주바다 제주 스노쿨링 포인트,https://blog.naver.com/kooni/223336223757
국내 여행지 추천 울산 대왕암 공원 출렁다리 부산근교 여행지,https://blog.naver.com/tcacyc/223308712967
국내여행 에이든 전국 관광 여행지도 세트 3500,https://blog.naver.com/jwh6514/223327964611
부모님과 국내여행 임실 가볼만한곳 치즈마을 임실치즈테마파크,https://blog.naver.com/hnmh2332/223314315452
강릉 안목해변 커피거리 카페거리 혼자 국내여행,https://blog.naver.com/chahyang88/223332640878
설날 가볼만한곳 국내여행 강원도 여행지 추천 (등산편) 태백산 계방산 태기산 선자령 등산코스,https://blog.naver.com/ysr3789/223334141299
"강릉 오죽헌 박물관 입장료, 부모님과 국내여행 강릉여행코스",https://blog.naver.com/lbmoon68/223343759390
국내여행 준비물 리스트 챙기기 상상로켓 숙박업소 비대면 모바일 룸서비스 편의점 배달 후기,https://blog.naver.com/realjaekyo/223340092288
부모님과 국내여행 목포 한정식 보리굴비정식 후기,https://blog.naver.com/wlsrud1318/223325009770
전남 무안 홀통 유원지 해수욕장 서해안 드라이브 코스 여자 혼자 놀기 국내 여행 가볼만한곳,https://blog.naver.com/from____ming/223293802035
국내 여행 충남 가볼만한곳 충남술 TOP10 양조장 투어,https://blog.naver.com/piil/223308874383
전북 아이와 가볼만한곳 임실 옥정호 붕어섬 출렁다리 생태공원 국내여행추천,https://blog.naver.com/turpu/223305744626
국내 여행지 추천 12월 여행 충청북도 청양 가볼만한곳 천장호 출렁다리 겨울 여행,https://blog.naver.com/jeju8253/223300903823
충북 제천 의림지 국내여행지 가볼만한곳 용추폭포,https://blog.naver.com/pinkgreen29/223326352057
1월 국내여행지 추천 1월 가볼 만한 국내여행지 10곳,https://blog.naver.com/teddyjun/223316010871
